titles,Price,review
"<a class=""wjcEIp"" href=""/noise-crew-1-38-round-display-bluetooth-calling-metallic-finish-ip68-rating-smartwatch/p/itmf418910871368?pid=SMWGKXECDMVXFPGN&amp;lid=LSTSMWGKXECDMVXFPGNJXOKI0&amp;marketplace=FLIPKART&amp;store=ajy&amp;srno=b_1_1&amp;otracker=browse&amp;fm=organic&amp;iid=en_DgkKauqe0gJLHvjPsqBY75TcowCT1VN1WLqsnUOHHm3wncU36UTfzQj6e_pikDKvKrWfuF1Dtp4FnxVM6ycYYQ%3D%3D&amp;ppt=None&amp;ppn=None&amp;ssid=6xfrkvqa8g0000001753945961232"" rel=""noopener noreferrer"" target=""_blank"" title=""Noise Crew 1.38 Round Display with Bluetooth Calling, Metallic finish, IP68 Rating Smartwatch"">Noise Crew 1.38 Round Display with Bluetooth Calling, M...</a>","<div class=""Nx9bqj"">₹1,099</div>","<div class=""XQDdHH"">4.2<img class=""Rza2QY"" src=""data:image/svg+xml;base64,PHN2ZyB4bWxucz0iaHR0cDovL3d3dy53My5vcmcvMjAwMC9zdmciIHdpZHRoPSIxMyIgaGVpZ2h0PSIxMiI+PHBhdGggZmlsbD0iI0ZGRiIgZD0iTTYuNSA5LjQzOWwtMy42NzQgMi4yMy45NC00LjI2LTMuMjEtMi44ODMgNC4yNTQtLjQwNEw2LjUuMTEybDEuNjkgNC4wMSA0LjI1NC40MDQtMy4yMSAyLjg4Mi45NCA0LjI2eiIvPjwvc3ZnPg==""/></div>"
"<a class=""wjcEIp"" href=""/noise-icon-2-elite-1-8-display-metallic-body-bluetooth-calling-smartwatch/p/itmcd0e295c2fd17?pid=SMWGRZPNHFGBSDHH&amp;lid=LSTSMWGRZPNHFGBSDHHCBQLC2&amp;marketplace=FLIPKART&amp;store=ajy&amp;srno=b_1_2&amp;otracker=browse&amp;fm=organic&amp;iid=en_DgkKauqe0gJLHvjPsqBY75TcowCT1VN1WLqsnUOHHm30fgrqgNXnRqaZ1xjBgb3OUSf01w9MI9MmYHsFv4XWUQ%3D%3D&amp;ppt=None&amp;ppn=None&amp;ssid=6xfrkvqa8g0000001753945961232"" rel=""noopener noreferrer"" target=""_blank"" title=""Noise Icon 2 Elite Edition 1.8'' Display with Metallic Body and Bluetooth Calling Smartwatch"">Noise Icon 2 Elite Edition 1.8'' Display with Metallic ...</a>","<div class=""Nx9bqj"">₹1,499</div>","<div class=""XQDdHH"">4.1<img class=""Rza2QY"" src=""data:image/svg+xml;base64,PHN2ZyB4bWxucz0iaHR0cDovL3d3dy53My5vcmcvMjAwMC9zdmciIHdpZHRoPSIxMyIgaGVpZ2h0PSIxMiI+PHBhdGggZmlsbD0iI0ZGRiIgZD0iTTYuNSA5LjQzOWwtMy42NzQgMi4yMy45NC00LjI2LTMuMjEtMi44ODMgNC4yNTQtLjQwNEw2LjUuMTEybDEuNjkgNC4wMSA0LjI1NC40MDQtMy4yMSAyLjg4Mi45NCA0LjI2eiIvPjwvc3ZnPg==""/></div>"
"<a class=""wjcEIp"" href=""/noise-crew-go-1-39-display-bt-calling-metal-strap-7-days-battery-life-smartwatch/p/itm0e03c14e438f7?pid=SMWGZW3CCRQGAWW7&amp;lid=LSTSMWGZW3CCRQGAWW7EFOBHP&amp;marketplace=FLIPKART&amp;store=ajy&amp;srno=b_1_3&amp;otracker=browse&amp;fm=organic&amp;iid=9477e65d-4113-4ece-8c74-0f7d4480d207.SMWGZW3CCRQGAWW7.SEARCH&amp;ppt=None&amp;ppn=None&amp;ssid=6xfrkvqa8g0000001753945961232"" rel=""noopener noreferrer"" target=""_blank"" title='Noise Crew Go with 1.39"" Display, BT Calling with Metal Strap and 7 Days Battery Life Smartwatch'>Noise Crew Go with 1.39"" Display, BT Calling with Metal...</a>","<div class=""Nx9bqj"">₹1,599</div>","<div class=""XQDdHH"">4.2<img class=""Rza2QY"" src=""data:image/svg+xml;base64,PHN2ZyB4bWxucz0iaHR0cDovL3d3dy53My5vcmcvMjAwMC9zdmciIHdpZHRoPSIxMyIgaGVpZ2h0PSIxMiI+PHBhdGggZmlsbD0iI0ZGRiIgZD0iTTYuNSA5LjQzOWwtMy42NzQgMi4yMy45NC00LjI2LTMuMjEtMi44ODMgNC4yNTQtLjQwNEw2LjUuMTEybDEuNjkgNC4wMSA0LjI1NC40MDQtMy4yMSAyLjg4Mi45NCA0LjI2eiIvPjwvc3ZnPg==""/></div>"
"<a class=""wjcEIp"" href=""/noise-colorfit-icon-2-1-8-display-bluetooth-calling-ai-voice-assistant-smartwatch/p/itm4972b80df3e9f?pid=SMWGEH7V3NRGVPQ9&amp;lid=LSTSMWGEH7V3NRGVPQ9NF6ZOC&amp;marketplace=FLIPKART&amp;store=ajy&amp;srno=b_1_4&amp;otracker=browse&amp;fm=organic&amp;iid=9477e65d-4113-4ece-8c74-0f7d4480d207.SMWGEH7V3NRGVPQ9.SEARCH&amp;ppt=None&amp;ppn=None&amp;ssid=6xfrkvqa8g0000001753945961232"" rel=""noopener noreferrer"" target=""_blank"" title=""Noise Colorfit Icon 2 1.8'' Display with Bluetooth Calling, AI Voice Assistant Smartwatch"">Noise Colorfit Icon 2 1.8'' Display with Bluetooth Call...</a>","<div class=""Nx9bqj"">₹999</div>","<div class=""XQDdHH"">4.1<img class=""Rza2QY"" src=""data:image/svg+xml;base64,PHN2ZyB4bWxucz0iaHR0cDovL3d3dy53My5vcmcvMjAwMC9zdmciIHdpZHRoPSIxMyIgaGVpZ2h0PSIxMiI+PHBhdGggZmlsbD0iI0ZGRiIgZD0iTTYuNSA5LjQzOWwtMy42NzQgMi4yMy45NC00LjI2LTMuMjEtMi44ODMgNC4yNTQtLjQwNEw2LjUuMTEybDEuNjkgNC4wMSA0LjI1NC40MDQtMy4yMSAyLjg4Mi45NCA0LjI2eiIvPjwvc3ZnPg==""/></div>"
"<a class=""wjcEIp"" href=""/noise-icon-2-elite-1-8-display-metallic-body-bluetooth-calling-smartwatch/p/itmf1adf995f7288?pid=SMWGRZPKJEWYEWGU&amp;lid=LSTSMWGRZPKJEWYEWGU8BABOB&amp;marketplace=FLIPKART&amp;store=ajy&amp;srno=b_1_5&amp;otracker=browse&amp;fm=organic&amp;iid=9477e65d-4113-4ece-8c74-0f7d4480d207.SMWGRZPKJEWYEWGU.SEARCH&amp;ppt=None&amp;ppn=None&amp;ssid=6xfrkvqa8g0000001753945961232"" rel=""noopener noreferrer"" target=""_blank"" title=""Noise Icon 2 Elite Edition 1.8'' Display with Metallic Body and Bluetooth Calling Smartwatch"">Noise Icon 2 Elite Edition 1.8'' Display with Metallic ...</a>","<div class=""Nx9bqj"">₹1,499</div>","<div class=""XQDdHH"">4.1<img class=""Rza2QY"" src=""data:image/svg+xml;base64,PHN2ZyB4bWxucz0iaHR0cDovL3d3dy53My5vcmcvMjAwMC9zdmciIHdpZHRoPSIxMyIgaGVpZ2h0PSIxMiI+PHBhdGggZmlsbD0iI0ZGRiIgZD0iTTYuNSA5LjQzOWwtMy42NzQgMi4yMy45NC00LjI2LTMuMjEtMi44ODMgNC4yNTQtLjQwNEw2LjUuMTEybDEuNjkgNC4wMSA0LjI1NC40MDQtMy4yMSAyLjg4Mi45NCA0LjI2eiIvPjwvc3ZnPg==""/></div>"
"<a class=""wjcEIp"" href=""/noise-crew-1-38-round-display-bluetooth-calling-metallic-finish-ip68-rating-smartwatch/p/itm54e4335189bca?pid=SMWGKXECNWDK7KKS&amp;lid=LSTSMWGKXECNWDK7KKS9WXLEL&amp;marketplace=FLIPKART&amp;store=ajy&amp;srno=b_1_6&amp;otracker=browse&amp;fm=organic&amp;iid=en_DgkKauqe0gJLHvjPsqBY75TcowCT1VN1WLqsnUOHHm1zjmIq1jL7l6vGI4isfKSLOvLuM20HiO5ftHAb0LJNfUhz9c-MSIoFe8xMxkfU6dM%3D&amp;ppt=None&amp;ppn=None&amp;ssid=6xfrkvqa8g0000001753945961232"" rel=""noopener noreferrer"" target=""_blank"" title=""Noise Crew 1.38 Round Display with Bluetooth Calling, Metallic finish, IP68 Rating Smartwatch"">Noise Crew 1.38 Round Display with Bluetooth Calling, M...</a>","<div class=""Nx9bqj"">₹1,099</div>","<div class=""XQDdHH"">4.2<img class=""Rza2QY"" src=""data:image/svg+xml;base64,PHN2ZyB4bWxucz0iaHR0cDovL3d3dy53My5vcmcvMjAwMC9zdmciIHdpZHRoPSIxMyIgaGVpZ2h0PSIxMiI+PHBhdGggZmlsbD0iI0ZGRiIgZD0iTTYuNSA5LjQzOWwtMy42NzQgMi4yMy45NC00LjI2LTMuMjEtMi44ODMgNC4yNTQtLjQwNEw2LjUuMTEybDEuNjkgNC4wMSA0LjI1NC40MDQtMy4yMSAyLjg4Mi45NCA0LjI2eiIvPjwvc3ZnPg==""/></div>"
"<a class=""wjcEIp"" href=""/noise-icon-buz-1-69-display-bluetooth-calling-built-in-games-voice-assistant-smartwatch/p/itm0b0922f8a67cc?pid=SMWGGKT5FYQHNRJP&amp;lid=LSTSMWGGKT5FYQHNRJPUTS6NZ&amp;marketplace=FLIPKART&amp;store=ajy&amp;srno=b_1_7&amp;otracker=browse&amp;fm=organic&amp;iid=9477e65d-4113-4ece-8c74-0f7d4480d207.SMWGGKT5FYQHNRJP.SEARCH&amp;ppt=None&amp;ppn=None&amp;ssid=6xfrkvqa8g0000001753945961232"" rel=""noopener noreferrer"" target=""_blank"" title='Noise Icon Buz 1.69"" Display with Bluetooth Calling, Built-In Games, Voice Assistant Smartwatch'>Noise Icon Buz 1.69"" Display with Bluetooth Calling, Bu...</a>","<div class=""Nx9bqj"">₹1,099</div>","<div class=""XQDdHH"">4.1<img class=""Rza2QY"" src=""data:image/svg+xml;base64,PHN2ZyB4bWxucz0iaHR0cDovL3d3dy53My5vcmcvMjAwMC9zdmciIHdpZHRoPSIxMyIgaGVpZ2h0PSIxMiI+PHBhdGggZmlsbD0iI0ZGRiIgZD0iTTYuNSA5LjQzOWwtMy42NzQgMi4yMy45NC00LjI2LTMuMjEtMi44ODMgNC4yNTQtLjQwNEw2LjUuMTEybDEuNjkgNC4wMSA0LjI1NC40MDQtMy4yMSAyLjg4Mi45NCA0LjI2eiIvPjwvc3ZnPg==""/></div>"
"<a class=""wjcEIp"" href=""/noise-colorfit-icon-2-1-8-display-bluetooth-calling-ai-voice-assistant-smartwatch/p/itm9d8957f65c72e?pid=SMWGEH7WC8F4VKKZ&amp;lid=LSTSMWGEH7WC8F4VKKZXFMRNR&amp;marketplace=FLIPKART&amp;store=ajy&amp;spotlightTagId=default_BestsellerId_ajy&amp;srno=b_1_8&amp;otracker=browse&amp;fm=organic&amp;iid=9477e65d-4113-4ece-8c74-0f7d4480d207.SMWGEH7WC8F4VKKZ.SEARCH&amp;ppt=None&amp;ppn=None&amp;ssid=6xfrkvqa8g0000001753945961232"" rel=""noopener noreferrer"" target=""_blank"" title=""Noise Colorfit Icon 2 1.8'' Display with Bluetooth Calling, AI Voice Assistant Smartwatch"">Noise Colorfit Icon 2 1.8'' Display with Bluetooth Call...</a>","<div class=""Nx9bqj"">₹999</div>","<div class=""XQDdHH"">4.1<img class=""Rza2QY"" src=""data:image/svg+xml;base64,PHN2ZyB4bWxucz0iaHR0cDovL3d3dy53My5vcmcvMjAwMC9zdmciIHdpZHRoPSIxMyIgaGVpZ2h0PSIxMiI+PHBhdGggZmlsbD0iI0ZGRiIgZD0iTTYuNSA5LjQzOWwtMy42NzQgMi4yMy45NC00LjI2LTMuMjEtMi44ODMgNC4yNTQtLjQwNEw2LjUuMTEybDEuNjkgNC4wMSA0LjI1NC40MDQtMy4yMSAyLjg4Mi45NCA0LjI2eiIvPjwvc3ZnPg==""/></div>"
"<a class=""wjcEIp"" href=""/noise-crew-1-38-round-display-bluetooth-calling-metallic-finish-ip68-rating-smartwatch/p/itmd8d386d4779d2?pid=SMWGKXEEBEFMGJQY&amp;lid=LSTSMWGKXEEBEFMGJQYKKT8MC&amp;marketplace=FLIPKART&amp;store=ajy&amp;srno=b_1_9&amp;otracker=browse&amp;fm=organic&amp;iid=9477e65d-4113-4ece-8c74-0f7d4480d207.SMWGKXEEBEFMGJQY.SEARCH&amp;ppt=None&amp;ppn=None&amp;ssid=6xfrkvqa8g0000001753945961232"" rel=""noopener noreferrer"" target=""_blank"" title=""Noise Crew 1.38 Round Display with Bluetooth Calling, Metallic finish, IP68 Rating Smartwatch"">Noise Crew 1.38 Round Display with Bluetooth Calling, M...</a>","<div class=""Nx9bqj"">₹1,099</div>","<div class=""XQDdHH"">4.2<img class=""Rza2QY"" src=""data:image/svg+xml;base64,PHN2ZyB4bWxucz0iaHR0cDovL3d3dy53My5vcmcvMjAwMC9zdmciIHdpZHRoPSIxMyIgaGVpZ2h0PSIxMiI+PHBhdGggZmlsbD0iI0ZGRiIgZD0iTTYuNSA5LjQzOWwtMy42NzQgMi4yMy45NC00LjI2LTMuMjEtMi44ODMgNC4yNTQtLjQwNEw2LjUuMTEybDEuNjkgNC4wMSA0LjI1NC40MDQtMy4yMSAyLjg4Mi45NCA0LjI2eiIvPjwvc3ZnPg==""/></div>"
"<a class=""wjcEIp"" href=""/noise-icon-buzz-1-69-display-bluetooth-calling-built-in-games-voice-assistant-smartwatch/p/itmfb38271d722a7?pid=SMWGAU62XCAESACH&amp;lid=LSTSMWGAU62XCAESACHPEGSDQ&amp;marketplace=FLIPKART&amp;store=ajy&amp;srno=b_1_10&amp;otracker=browse&amp;fm=organic&amp;iid=9477e65d-4113-4ece-8c74-0f7d4480d207.SMWGAU62XCAESACH.SEARCH&amp;ppt=None&amp;ppn=None&amp;ssid=6xfrkvqa8g0000001753945961232"" rel=""noopener noreferrer"" target=""_blank"" title='Noise Icon Buzz 1.69"" Display with Bluetooth Calling, Built-In Games, Voice Assistant Smartwatch'>Noise Icon Buzz 1.69"" Display with Bluetooth Calling, B...</a>","<div class=""Nx9bqj"">₹1,099</div>","<div class=""XQDdHH"">4.1<img class=""Rza2QY"" src=""data:image/svg+xml;base64,PHN2ZyB4bWxucz0iaHR0cDovL3d3dy53My5vcmcvMjAwMC9zdmciIHdpZHRoPSIxMyIgaGVpZ2h0PSIxMiI+PHBhdGggZmlsbD0iI0ZGRiIgZD0iTTYuNSA5LjQzOWwtMy42NzQgMi4yMy45NC00LjI2LTMuMjEtMi44ODMgNC4yNTQtLjQwNEw2LjUuMTEybDEuNjkgNC4wMSA0LjI1NC40MDQtMy4yMSAyLjg4Mi45NCA0LjI2eiIvPjwvc3ZnPg==""/></div>"
"<a class=""wjcEIp"" href=""/noise-colorfit-icon-2-1-8-display-bluetooth-calling-ai-voice-assistant-smartwatch/p/itm6832a8732a227?pid=SMWGRFRYRKTTDZVJ&amp;lid=LSTSMWGRFRYRKTTDZVJBGGVED&amp;marketplace=FLIPKART&amp;store=ajy&amp;srno=b_1_11&amp;otracker=browse&amp;fm=organic&amp;iid=en_DgkKauqe0gJLHvjPsqBY75TcowCT1VN1WLqsnUOHHm3xRe91919Qpb4ZthFv0s9Q_LL68AFxxL1STT1TZhl_tInfEY2D5bWfIUmTlXs_oiU%3D&amp;ppt=None&amp;ppn=None&amp;ssid=6xfrkvqa8g0000001753945961232"" rel=""noopener noreferrer"" target=""_blank"" title=""Noise Colorfit Icon 2 1.8'' Display with Bluetooth Calling, AI Voice Assistant Smartwatch"">Noise Colorfit Icon 2 1.8'' Display with Bluetooth Call...</a>","<div class=""Nx9bqj"">₹999</div>","<div class=""XQDdHH"">4.1<img class=""Rza2QY"" src=""data:image/svg+xml;base64,PHN2ZyB4bWxucz0iaHR0cDovL3d3dy53My5vcmcvMjAwMC9zdmciIHdpZHRoPSIxMyIgaGVpZ2h0PSIxMiI+PHBhdGggZmlsbD0iI0ZGRiIgZD0iTTYuNSA5LjQzOWwtMy42NzQgMi4yMy45NC00LjI2LTMuMjEtMi44ODMgNC4yNTQtLjQwNEw2LjUuMTEybDEuNjkgNC4wMSA0LjI1NC40MDQtMy4yMSAyLjg4Mi45NCA0LjI2eiIvPjwvc3ZnPg==""/></div>"
"<a class=""wjcEIp"" href=""/noise-icon-4-stunning-1-96-amoled-display-metallic-finish-bt-calling-smartwatch/p/itmb7800093c5c95?pid=SMWGWZVPQWQSG2UH&amp;lid=LSTSMWGWZVPQWQSG2UHVIFBFI&amp;marketplace=FLIPKART&amp;store=ajy&amp;srno=b_1_12&amp;otracker=browse&amp;fm=organic&amp;iid=en_DgkKauqe0gJLHvjPsqBY75TcowCT1VN1WLqsnUOHHm1tdxdovwv3XqEmF5prJs-ISipAow9hXuuKqUVm3ghZDGVkv0XZFiOX7bbXdlao_f8%3D&amp;ppt=None&amp;ppn=None&amp;ssid=6xfrkvqa8g0000001753945961232"" rel=""noopener noreferrer"" target=""_blank"" title=""Noise Icon 4 with Stunning 1.96'' AMOLED Display, Metallic Finish, BT Calling Smartwatch"">Noise Icon 4 with Stunning 1.96'' AMOLED Display, Metal...</a>","<div class=""Nx9bqj"">₹1,699</div>","<div class=""XQDdHH"">4.1<img class=""Rza2QY"" src=""data:image/svg+xml;base64,PHN2ZyB4bWxucz0iaHR0cDovL3d3dy53My5vcmcvMjAwMC9zdmciIHdpZHRoPSIxMyIgaGVpZ2h0PSIxMiI+PHBhdGggZmlsbD0iI0ZGRiIgZD0iTTYuNSA5LjQzOWwtMy42NzQgMi4yMy45NC00LjI2LTMuMjEtMi44ODMgNC4yNTQtLjQwNEw2LjUuMTEybDEuNjkgNC4wMSA0LjI1NC40MDQtMy4yMSAyLjg4Mi45NCA0LjI2eiIvPjwvc3ZnPg==""/></div>"
"<a class=""wjcEIp"" href=""/noise-colorfit-icon-2-1-8-display-bluetooth-calling-ai-voice-assistant-smartwatch/p/itmd4cd819eadb9f?pid=SMWGEH7VGYMGCP3V&amp;lid=LSTSMWGEH7VGYMGCP3VOS17SZ&amp;marketplace=FLIPKART&amp;store=ajy&amp;spotlightTagId=default_BestsellerId_ajy&amp;srno=b_1_13&amp;otracker=browse&amp;fm=organic&amp;iid=9477e65d-4113-4ece-8c74-0f7d4480d207.SMWGEH7VGYMGCP3V.SEARCH&amp;ppt=None&amp;ppn=None&amp;ssid=6xfrkvqa8g0000001753945961232"" rel=""noopener noreferrer"" target=""_blank"" title=""Noise Colorfit Icon 2 1.8'' Display with Bluetooth Calling, AI Voice Assistant Smartwatch"">Noise Colorfit Icon 2 1.8'' Display with Bluetooth Call...</a>","<div class=""Nx9bqj"">₹999</div>","<div class=""XQDdHH"">4.1<img class=""Rza2QY"" src=""data:image/svg+xml;base64,PHN2ZyB4bWxucz0iaHR0cDovL3d3dy53My5vcmcvMjAwMC9zdmciIHdpZHRoPSIxMyIgaGVpZ2h0PSIxMiI+PHBhdGggZmlsbD0iI0ZGRiIgZD0iTTYuNSA5LjQzOWwtMy42NzQgMi4yMy45NC00LjI2LTMuMjEtMi44ODMgNC4yNTQtLjQwNEw2LjUuMTEybDEuNjkgNC4wMSA0LjI1NC40MDQtMy4yMSAyLjg4Mi45NCA0LjI2eiIvPjwvc3ZnPg==""/></div>"
"<a class=""wjcEIp"" href=""/noise-colorfit-icon-2-1-8-display-bluetooth-calling-ai-voice-assistant-smartwatch/p/itm951e094061071?pid=SMWGEH7WGUSZCT4W&amp;lid=LSTSMWGEH7WGUSZCT4WUGZAKG&amp;marketplace=FLIPKART&amp;store=ajy&amp;srno=b_1_14&amp;otracker=browse&amp;fm=organic&amp;iid=9477e65d-4113-4ece-8c74-0f7d4480d207.SMWGEH7WGUSZCT4W.SEARCH&amp;ppt=None&amp;ppn=None&amp;ssid=6xfrkvqa8g0000001753945961232"" rel=""noopener noreferrer"" target=""_blank"" title=""Noise Colorfit Icon 2 1.8'' Display with Bluetooth Calling, AI Voice Assistant Smartwatch"">Noise Colorfit Icon 2 1.8'' Display with Bluetooth Call...</a>","<div class=""Nx9bqj"">₹999</div>","<div class=""XQDdHH"">4.1<img class=""Rza2QY"" src=""data:image/svg+xml;base64,PHN2ZyB4bWxucz0iaHR0cDovL3d3dy53My5vcmcvMjAwMC9zdmciIHdpZHRoPSIxMyIgaGVpZ2h0PSIxMiI+PHBhdGggZmlsbD0iI0ZGRiIgZD0iTTYuNSA5LjQzOWwtMy42NzQgMi4yMy45NC00LjI2LTMuMjEtMi44ODMgNC4yNTQtLjQwNEw2LjUuMTEybDEuNjkgNC4wMSA0LjI1NC40MDQtMy4yMSAyLjg4Mi45NCA0LjI2eiIvPjwvc3ZnPg==""/></div>"
"<a class=""wjcEIp"" href=""/noise-icon-4-stunning-1-96-amoled-display-metallic-finish-bt-calling-smartwatch/p/itm81880ffb861de?pid=SMWGWZVPAZTGX3WY&amp;lid=LSTSMWGWZVPAZTGX3WY9UHS5W&amp;marketplace=FLIPKART&amp;store=ajy&amp;srno=b_1_15&amp;otracker=browse&amp;fm=organic&amp;iid=9477e65d-4113-4ece-8c74-0f7d4480d207.SMWGWZVPAZTGX3WY.SEARCH&amp;ppt=None&amp;ppn=None&amp;ssid=6xfrkvqa8g0000001753945961232"" rel=""noopener noreferrer"" target=""_blank"" title=""Noise Icon 4 with Stunning 1.96'' AMOLED Display, Metallic Finish, BT Calling Smartwatch"">Noise Icon 4 with Stunning 1.96'' AMOLED Display, Metal...</a>","<div class=""Nx9bqj"">₹1,699</div>","<div class=""XQDdHH"">4.1<img class=""Rza2QY"" src=""data:image/svg+xml;base64,PHN2ZyB4bWxucz0iaHR0cDovL3d3dy53My5vcmcvMjAwMC9zdmciIHdpZHRoPSIxMyIgaGVpZ2h0PSIxMiI+PHBhdGggZmlsbD0iI0ZGRiIgZD0iTTYuNSA5LjQzOWwtMy42NzQgMi4yMy45NC00LjI2LTMuMjEtMi44ODMgNC4yNTQtLjQwNEw2LjUuMTEybDEuNjkgNC4wMSA0LjI1NC40MDQtMy4yMSAyLjg4Mi45NCA0LjI2eiIvPjwvc3ZnPg==""/></div>"
"<a class=""wjcEIp"" href=""/noise-icon-4-stunning-1-96-display-metallic-finish-bt-calling-smartwatch/p/itm8ebc9112e92d3?pid=SMWGWZVQYUGUNYCU&amp;lid=LSTSMWGWZVQYUGUNYCUS80SHD&amp;marketplace=FLIPKART&amp;store=ajy&amp;srno=b_1_16&amp;otracker=browse&amp;fm=organic&amp;iid=9477e65d-4113-4ece-8c74-0f7d4480d207.SMWGWZVQYUGUNYCU.SEARCH&amp;ppt=None&amp;ppn=None&amp;ssid=6xfrkvqa8g0000001753945961232"" rel=""noopener noreferrer"" target=""_blank"" title=""Noise Icon 4 with Stunning 1.96'' Display, Metallic Finish, BT Calling Smartwatch"">Noise Icon 4 with Stunning 1.96'' Display, Metallic Fin...</a>","<div class=""Nx9bqj"">₹1,999</div>","<div class=""XQDdHH"">4.1<img class=""Rza2QY"" src=""data:image/svg+xml;base64,PHN2ZyB4bWxucz0iaHR0cDovL3d3dy53My5vcmcvMjAwMC9zdmciIHdpZHRoPSIxMyIgaGVpZ2h0PSIxMiI+PHBhdGggZmlsbD0iI0ZGRiIgZD0iTTYuNSA5LjQzOWwtMy42NzQgMi4yMy45NC00LjI2LTMuMjEtMi44ODMgNC4yNTQtLjQwNEw2LjUuMTEybDEuNjkgNC4wMSA0LjI1NC40MDQtMy4yMSAyLjg4Mi45NCA0LjI2eiIvPjwvc3ZnPg==""/></div>"
"<a class=""wjcEIp"" href=""/db-tempered-glass-guard-noise-fit-crew-smart-watch-pack-2/p/itmcb63e73d6927f?pid=ACCGYYMBGSHHN5JG&amp;lid=LSTACCGYYMBGSHHN5JGVACAUM&amp;marketplace=FLIPKART&amp;store=ajy&amp;srno=b_1_17&amp;otracker=browse&amp;fm=organic&amp;iid=en_DgkKauqe0gJLHvjPsqBY75TcowCT1VN1WLqsnUOHHm2oxrLYJeEE7l6kL-zxHmJ1XP2dx3Ny57y62B3SbvYzIg%3D%3D&amp;ppt=None&amp;ppn=None&amp;ssid=6xfrkvqa8g0000001753945961232"" rel=""noopener noreferrer"" target=""_blank"" title=""DB Tempered Glass Guard for NOISE FIT CREW SMART WATCH TEMPERED GLASS (PACK OF 2)"">DB Tempered Glass Guard for NOISE FIT CREW SMART WATCH ...</a>","<div class=""Nx9bqj"">₹149</div>","<div class=""XQDdHH"">4<img class=""Rza2QY"" src=""data:image/svg+xml;base64,PHN2ZyB4bWxucz0iaHR0cDovL3d3dy53My5vcmcvMjAwMC9zdmciIHdpZHRoPSIxMyIgaGVpZ2h0PSIxMiI+PHBhdGggZmlsbD0iI0ZGRiIgZD0iTTYuNSA5LjQzOWwtMy42NzQgMi4yMy45NC00LjI2LTMuMjEtMi44ODMgNC4yNTQtLjQwNEw2LjUuMTEybDEuNjkgNC4wMSA0LjI1NC40MDQtMy4yMSAyLjg4Mi45NCA0LjI2eiIvPjwvc3ZnPg==""/></div>"
"<a class=""wjcEIp"" href=""/boat-storm-call-w-4-29-cm-1-69-bt-calling-550-nits-brightness-smartwatch/p/itm04a51b781b8d6?pid=SMWH6WJWHDHFMGAG&amp;lid=LSTSMWH6WJWHDHFMGAG07UZP2&amp;marketplace=FLIPKART&amp;store=ajy&amp;srno=b_1_18&amp;otracker=browse&amp;fm=organic&amp;iid=en_DgkKauqe0gJLHvjPsqBY75TcowCT1VN1WLqsnUOHHm3p0xZAAPValE6zk1ofmHc5Zva8aURy1bdh-7T_jXkU4oE8waCTrWcncKeK_ydPfoM%3D&amp;ppt=None&amp;ppn=None&amp;ssid=6xfrkvqa8g0000001753945961232"" rel=""noopener noreferrer"" target=""_blank"" title='boAt Storm Call w/ 4.29 cm(1.69""), BT Calling &amp; 550 Nits Brightness Smartwatch'>boAt Storm Call w/ 4.29 cm(1.69""), BT Calling &amp; 550 Nit...</a>","<div class=""Nx9bqj"">₹1,099</div>","<div class=""XQDdHH"">4.1<img class=""Rza2QY"" src=""data:image/svg+xml;base64,PHN2ZyB4bWxucz0iaHR0cDovL3d3dy53My5vcmcvMjAwMC9zdmciIHdpZHRoPSIxMyIgaGVpZ2h0PSIxMiI+PHBhdGggZmlsbD0iI0ZGRiIgZD0iTTYuNSA5LjQzOWwtMy42NzQgMi4yMy45NC00LjI2LTMuMjEtMi44ODMgNC4yNTQtLjQwNEw2LjUuMTEybDEuNjkgNC4wMSA0LjI1NC40MDQtMy4yMSAyLjg4Mi45NCA0LjI2eiIvPjwvc3ZnPg==""/></div>"
"<a class=""wjcEIp"" href=""/noise-crew-1-38-round-display-bluetooth-calling-metallic-finish-ip68-rating-smartwatch/p/itmf987765890f0f?pid=SMWGKXECTHSJXNUP&amp;lid=LSTSMWGKXECTHSJXNUPQFCT4X&amp;marketplace=FLIPKART&amp;store=ajy&amp;srno=b_1_19&amp;otracker=browse&amp;fm=organic&amp;iid=9477e65d-4113-4ece-8c74-0f7d4480d207.SMWGKXECTHSJXNUP.SEARCH&amp;ppt=None&amp;ppn=None&amp;ssid=6xfrkvqa8g0000001753945961232"" rel=""noopener noreferrer"" target=""_blank"" title=""Noise Crew 1.38 Round Display with Bluetooth Calling, Metallic finish, IP68 Rating Smartwatch"">Noise Crew 1.38 Round Display with Bluetooth Calling, M...</a>","<div class=""Nx9bqj"">₹1,099</div>","<div class=""XQDdHH"">4.2<img class=""Rza2QY"" src=""data:image/svg+xml;base64,PHN2ZyB4bWxucz0iaHR0cDovL3d3dy53My5vcmcvMjAwMC9zdmciIHdpZHRoPSIxMyIgaGVpZ2h0PSIxMiI+PHBhdGggZmlsbD0iI0ZGRiIgZD0iTTYuNSA5LjQzOWwtMy42NzQgMi4yMy45NC00LjI2LTMuMjEtMi44ODMgNC4yNTQtLjQwNEw2LjUuMTEybDEuNjkgNC4wMSA0LjI1NC40MDQtMy4yMSAyLjg4Mi45NCA0LjI2eiIvPjwvc3ZnPg==""/></div>"
"<a class=""wjcEIp"" href=""/noise-icon-2-1-8-display-bluetooth-calling-women-s-edition-ai-voice-assistant-smartwatch/p/itm968c523d99eae?pid=SMWGEH7VNGPYN5NV&amp;lid=LSTSMWGEH7VNGPYN5NV83JRUR&amp;marketplace=FLIPKART&amp;store=ajy&amp;srno=b_1_20&amp;otracker=browse&amp;fm=organic&amp;iid=9477e65d-4113-4ece-8c74-0f7d4480d207.SMWGEH7VNGPYN5NV.SEARCH&amp;ppt=None&amp;ppn=None&amp;ssid=6xfrkvqa8g0000001753945961232"" rel=""noopener noreferrer"" target=""_blank"" title=""Noise Icon 2 1.8'' Display with Bluetooth Calling, Women's Edition, AI Voice Assistant Smartwatch"">Noise Icon 2 1.8'' Display with Bluetooth Calling, Wome...</a>","<div class=""Nx9bqj"">₹999</div>","<div class=""XQDdHH"">4.1<img class=""Rza2QY"" src=""data:image/svg+xml;base64,PHN2ZyB4bWxucz0iaHR0cDovL3d3dy53My5vcmcvMjAwMC9zdmciIHdpZHRoPSIxMyIgaGVpZ2h0PSIxMiI+PHBhdGggZmlsbD0iI0ZGRiIgZD0iTTYuNSA5LjQzOWwtMy42NzQgMi4yMy45NC00LjI2LTMuMjEtMi44ODMgNC4yNTQtLjQwNEw2LjUuMTEybDEuNjkgNC4wMSA0LjI1NC40MDQtMy4yMSAyLjg4Mi45NCA0LjI2eiIvPjwvc3ZnPg==""/></div>"
"<a class=""wjcEIp"" href=""/noise-twist-go-1-39-display-bluetooth-calling-metallic-finish-100-sports-modes-smartwatch/p/itm8eec605eb3f0d?pid=SMWH889ZMGC2G3QH&amp;lid=LSTSMWH889ZMGC2G3QHK20LIR&amp;marketplace=FLIPKART&amp;store=ajy&amp;srno=b_1_21&amp;otracker=browse&amp;fm=organic&amp;iid=en_DgkKauqe0gJLHvjPsqBY75TcowCT1VN1WLqsnUOHHm24yiydIuNCQ7CZy5RiT0sLFskqRajPDlOSMsOE40wTAE4IsYyWu-Pj9cxFjFAoaLk%3D&amp;ppt=None&amp;ppn=None&amp;ssid=6xfrkvqa8g0000001753945961232"" rel=""noopener noreferrer"" target=""_blank"" title=""Noise Twist Go 1.39'' Display, Bluetooth Calling, Metallic Finish, 100 Sports Modes Smartwatch"">Noise Twist Go 1.39'' Display, Bluetooth Calling, Metal...</a>","<div class=""Nx9bqj"">₹1,399</div>","<div class=""XQDdHH"">4.2<img class=""Rza2QY"" src=""data:image/svg+xml;base64,PHN2ZyB4bWxucz0iaHR0cDovL3d3dy53My5vcmcvMjAwMC9zdmciIHdpZHRoPSIxMyIgaGVpZ2h0PSIxMiI+PHBhdGggZmlsbD0iI0ZGRiIgZD0iTTYuNSA5LjQzOWwtMy42NzQgMi4yMy45NC00LjI2LTMuMjEtMi44ODMgNC4yNTQtLjQwNEw2LjUuMTEybDEuNjkgNC4wMSA0LjI1NC40MDQtMy4yMSAyLjg4Mi45NCA0LjI2eiIvPjwvc3ZnPg==""/></div>"
"<a class=""wjcEIp"" href=""/db-tempered-glass-guard-fastrack-optimus-2-pro-smart-watch-pack-2/p/itmc95d1ea0cb843?pid=ACCH6JYY9EGG2DMC&amp;lid=LSTACCH6JYY9EGG2DMCDNQYIL&amp;marketplace=FLIPKART&amp;store=ajy&amp;srno=b_1_22&amp;otracker=browse&amp;fm=organic&amp;iid=en_DgkKauqe0gJLHvjPsqBY75TcowCT1VN1WLqsnUOHHm35Q30QR3ZkXztSCD6tNY1RVwFpWcZTXCEiPaAg3KDJYA%3D%3D&amp;ppt=None&amp;ppn=None&amp;ssid=6xfrkvqa8g0000001753945961232"" rel=""noopener noreferrer"" target=""_blank"" title=""DB Tempered Glass Guard for FASTRACK OPTIMUS 2 PRO SMART WATCH TEMPERED GLASS ( PACK OF 2)"">DB Tempered Glass Guard for FASTRACK OPTIMUS 2 PRO SMAR...</a>","<div class=""Nx9bqj"">₹145</div>","<div class=""XQDdHH"">3.9<img class=""Rza2QY"" src=""data:image/svg+xml;base64,PHN2ZyB4bWxucz0iaHR0cDovL3d3dy53My5vcmcvMjAwMC9zdmciIHdpZHRoPSIxMyIgaGVpZ2h0PSIxMiI+PHBhdGggZmlsbD0iI0ZGRiIgZD0iTTYuNSA5LjQzOWwtMy42NzQgMi4yMy45NC00LjI2LTMuMjEtMi44ODMgNC4yNTQtLjQwNEw2LjUuMTEybDEuNjkgNC4wMSA0LjI1NC40MDQtMy4yMSAyLjg4Mi45NCA0LjI2eiIvPjwvc3ZnPg==""/></div>"
"<a class=""wjcEIp"" href=""/noise-icon-buzz-1-69-display-bluetooth-calling-women-s-edition-voice-assistant-smartwatch/p/itm8a9989397e4ec?pid=SMWGGKSZAPFFJDHK&amp;lid=LSTSMWGGKSZAPFFJDHKPBOK74&amp;marketplace=FLIPKART&amp;store=ajy&amp;srno=b_1_23&amp;otracker=browse&amp;fm=organic&amp;iid=9477e65d-4113-4ece-8c74-0f7d4480d207.SMWGGKSZAPFFJDHK.SEARCH&amp;ppt=None&amp;ppn=None&amp;ssid=6xfrkvqa8g0000001753945961232"" rel=""noopener noreferrer"" target=""_blank"" title=""Noise Icon Buzz 1.69&quot; Display with Bluetooth Calling, Women's Edition, Voice Assistant Smartwatch"">Noise Icon Buzz 1.69"" Display with Bluetooth Calling, W...</a>","<div class=""Nx9bqj"">₹1,099</div>","<div class=""XQDdHH"">4.1<img class=""Rza2QY"" src=""data:image/svg+xml;base64,PHN2ZyB4bWxucz0iaHR0cDovL3d3dy53My5vcmcvMjAwMC9zdmciIHdpZHRoPSIxMyIgaGVpZ2h0PSIxMiI+PHBhdGggZmlsbD0iI0ZGRiIgZD0iTTYuNSA5LjQzOWwtMy42NzQgMi4yMy45NC00LjI2LTMuMjEtMi44ODMgNC4yNTQtLjQwNEw2LjUuMTEybDEuNjkgNC4wMSA0LjI1NC40MDQtMy4yMSAyLjg4Mi45NCA0LjI2eiIvPjwvc3ZnPg==""/></div>"
"<a class=""wjcEIp"" href=""/noise-evolve-3-1-43-amoled-always-on-display-bluetooth-calling-metallic-design-smartwatch/p/itm7fecb8546f921?pid=SMWGGP3UY3AJE5ZZ&amp;lid=LSTSMWGGP3UY3AJE5ZZWXVBNL&amp;marketplace=FLIPKART&amp;store=ajy&amp;srno=b_1_24&amp;otracker=browse&amp;fm=organic&amp;iid=9477e65d-4113-4ece-8c74-0f7d4480d207.SMWGGP3UY3AJE5ZZ.SEARCH&amp;ppt=None&amp;ppn=None&amp;ssid=6xfrkvqa8g0000001753945961232"" rel=""noopener noreferrer"" target=""_blank"" title='Noise Evolve 3 1.43"" AMOLED Always-On Display with Bluetooth Calling, Metallic Design Smartwatch'>Noise Evolve 3 1.43"" AMOLED Always-On Display with Blue...</a>","<div class=""Nx9bqj"">₹1,899</div>","<div class=""XQDdHH"">4.2<img class=""Rza2QY"" src=""data:image/svg+xml;base64,PHN2ZyB4bWxucz0iaHR0cDovL3d3dy53My5vcmcvMjAwMC9zdmciIHdpZHRoPSIxMyIgaGVpZ2h0PSIxMiI+PHBhdGggZmlsbD0iI0ZGRiIgZD0iTTYuNSA5LjQzOWwtMy42NzQgMi4yMy45NC00LjI2LTMuMjEtMi44ODMgNC4yNTQtLjQwNEw2LjUuMTEybDEuNjkgNC4wMSA0LjI1NC40MDQtMy4yMSAyLjg4Mi45NCA0LjI2eiIvPjwvc3ZnPg==""/></div>"
"<a class=""wjcEIp"" href=""/boat-wave-fury-1-83-hd-display-bluetooth-calling-functional-crown-smartwatch/p/itm7795a986a347e?pid=SMWGQHN4GNAVXD8H&amp;lid=LSTSMWGQHN4GNAVXD8H81TCSM&amp;marketplace=FLIPKART&amp;store=ajy&amp;srno=b_1_25&amp;otracker=browse&amp;fm=organic&amp;iid=en_DgkKauqe0gJLHvjPsqBY75TcowCT1VN1WLqsnUOHHm3tSE7-NqH11A2r_uXvnBn0Bxts5a_2kghCzalIjjDCV0Ksf8s6I2Oz2HOgbXTo_9U%3D&amp;ppt=None&amp;ppn=None&amp;ssid=6xfrkvqa8g0000001753945961232"" rel=""noopener noreferrer"" target=""_blank"" title=""boAt Wave Fury with 1.83'' HD Display, Bluetooth Calling &amp; Functional Crown Smartwatch"">boAt Wave Fury with 1.83'' HD Display, Bluetooth Callin...</a>","<div class=""Nx9bqj"">₹999</div>","<div class=""XQDdHH"">4.1<img class=""Rza2QY"" src=""data:image/svg+xml;base64,PHN2ZyB4bWxucz0iaHR0cDovL3d3dy53My5vcmcvMjAwMC9zdmciIHdpZHRoPSIxMyIgaGVpZ2h0PSIxMiI+PHBhdGggZmlsbD0iI0ZGRiIgZD0iTTYuNSA5LjQzOWwtMy42NzQgMi4yMy45NC00LjI2LTMuMjEtMi44ODMgNC4yNTQtLjQwNEw2LjUuMTEybDEuNjkgNC4wMSA0LjI1NC40MDQtMy4yMSAyLjg4Mi45NCA0LjI2eiIvPjwvc3ZnPg==""/></div>"
"<a class=""wjcEIp"" href=""/noise-mettle-1-4-display-stainless-steel-finish-metal-strap-bluetooth-calling-smartwatch/p/itm8f191e0e60e22?pid=SMWGZMH6HNEZUHQZ&amp;lid=LSTSMWGZMH6HNEZUHQZ4ADSZU&amp;marketplace=FLIPKART&amp;store=ajy&amp;srno=b_1_26&amp;otracker=browse&amp;fm=organic&amp;iid=9477e65d-4113-4ece-8c74-0f7d4480d207.SMWGZMH6HNEZUHQZ.SEARCH&amp;ppt=None&amp;ppn=None&amp;ssid=6xfrkvqa8g0000001753945961232"" rel=""noopener noreferrer"" target=""_blank"" title=""Noise Mettle 1.4'' display, Stainless Steel finish with Metal Strap, Bluetooth Calling Smartwatch"">Noise Mettle 1.4'' display, Stainless Steel finish with...</a>","<div class=""Nx9bqj"">₹1,899</div>","<div class=""XQDdHH"">4.1<img class=""Rza2QY"" src=""data:image/svg+xml;base64,PHN2ZyB4bWxucz0iaHR0cDovL3d3dy53My5vcmcvMjAwMC9zdmciIHdpZHRoPSIxMyIgaGVpZ2h0PSIxMiI+PHBhdGggZmlsbD0iI0ZGRiIgZD0iTTYuNSA5LjQzOWwtMy42NzQgMi4yMy45NC00LjI2LTMuMjEtMi44ODMgNC4yNTQtLjQwNEw2LjUuMTEybDEuNjkgNC4wMSA0LjI1NC40MDQtMy4yMSAyLjg4Mi45NCA0LjI2eiIvPjwvc3ZnPg==""/></div>"
"<a class=""wjcEIp"" href=""/boat-lunar-discovery-w-turn-navigation-3-53-cm-hd-display-bt-calling-smartwatch/p/itm49ddaa9294db0?pid=SMWH44GEEK2WDVHU&amp;lid=LSTSMWH44GEEK2WDVHUYEJ6CE&amp;marketplace=FLIPKART&amp;store=ajy&amp;srno=b_1_27&amp;otracker=browse&amp;fm=organic&amp;iid=en_DgkKauqe0gJLHvjPsqBY75TcowCT1VN1WLqsnUOHHm31WMtdAhF_o9gEkj4EwWjOdMJRWy-jCWgrizkyR1LbKeo15S0a61Wzzbg3qNOknKY%3D&amp;ppt=None&amp;ppn=None&amp;ssid=6xfrkvqa8g0000001753945961232"" rel=""noopener noreferrer"" target=""_blank"" title=""boAt Lunar Discovery w/ Turn by Turn Navigation, 3.53 cm HD Display &amp; BT Calling Smartwatch"">boAt Lunar Discovery w/ Turn by Turn Navigation, 3.53 c...</a>","<div class=""Nx9bqj"">₹1,499</div>","<div class=""XQDdHH"">4<img class=""Rza2QY"" src=""data:image/svg+xml;base64,PHN2ZyB4bWxucz0iaHR0cDovL3d3dy53My5vcmcvMjAwMC9zdmciIHdpZHRoPSIxMyIgaGVpZ2h0PSIxMiI+PHBhdGggZmlsbD0iI0ZGRiIgZD0iTTYuNSA5LjQzOWwtMy42NzQgMi4yMy45NC00LjI2LTMuMjEtMi44ODMgNC4yNTQtLjQwNEw2LjUuMTEybDEuNjkgNC4wMSA0LjI1NC40MDQtMy4yMSAyLjg4Mi45NCA0LjI2eiIvPjwvc3ZnPg==""/></div>"
"<a class=""wjcEIp"" href=""/noise-twist-go-1-39-display-bluetooth-calling-metallic-finish-100-sports-modes-smartwatch/p/itm181ec812236fc?pid=SMWH889PBS7E5RPA&amp;lid=LSTSMWH889PBS7E5RPAJVWXC5&amp;marketplace=FLIPKART&amp;store=ajy&amp;srno=b_1_28&amp;otracker=browse&amp;fm=organic&amp;iid=en_DgkKauqe0gJLHvjPsqBY75TcowCT1VN1WLqsnUOHHm0UgdrYYUywHixCEfngNsY8VqjhGyWNlY7cn-5N57K1Skhz9c-MSIoFe8xMxkfU6dM%3D&amp;ppt=None&amp;ppn=None&amp;ssid=6xfrkvqa8g0000001753945961232"" rel=""noopener noreferrer"" target=""_blank"" title=""Noise Twist Go 1.39'' Display, Bluetooth Calling, Metallic Finish, 100 Sports Modes Smartwatch"">Noise Twist Go 1.39'' Display, Bluetooth Calling, Metal...</a>","<div class=""Nx9bqj"">₹1,399</div>","<div class=""XQDdHH"">4.2<img class=""Rza2QY"" src=""data:image/svg+xml;base64,PHN2ZyB4bWxucz0iaHR0cDovL3d3dy53My5vcmcvMjAwMC9zdmciIHdpZHRoPSIxMyIgaGVpZ2h0PSIxMiI+PHBhdGggZmlsbD0iI0ZGRiIgZD0iTTYuNSA5LjQzOWwtMy42NzQgMi4yMy45NC00LjI2LTMuMjEtMi44ODMgNC4yNTQtLjQwNEw2LjUuMTEybDEuNjkgNC4wMSA0LjI1NC40MDQtMy4yMSAyLjg4Mi45NCA0LjI2eiIvPjwvc3ZnPg==""/></div>"
"<a class=""wjcEIp"" href=""/noise-colorfit-icon-2-1-8-display-bluetooth-calling-ai-voice-assistant-smartwatch/p/itm22a34436396bc?pid=SMWGRFQW8D8UEVNQ&amp;lid=LSTSMWGRFQW8D8UEVNQWTQ0TY&amp;marketplace=FLIPKART&amp;store=ajy&amp;srno=b_1_29&amp;otracker=browse&amp;fm=organic&amp;iid=9477e65d-4113-4ece-8c74-0f7d4480d207.SMWGRFQW8D8UEVNQ.SEARCH&amp;ppt=None&amp;ppn=None&amp;ssid=6xfrkvqa8g0000001753945961232"" rel=""noopener noreferrer"" target=""_blank"" title=""Noise Colorfit Icon 2 1.8'' Display with Bluetooth Calling, AI Voice Assistant Smartwatch"">Noise Colorfit Icon 2 1.8'' Display with Bluetooth Call...</a>","<div class=""Nx9bqj"">₹999</div>","<div class=""XQDdHH"">4.1<img class=""Rza2QY"" src=""data:image/svg+xml;base64,PHN2ZyB4bWxucz0iaHR0cDovL3d3dy53My5vcmcvMjAwMC9zdmciIHdpZHRoPSIxMyIgaGVpZ2h0PSIxMiI+PHBhdGggZmlsbD0iI0ZGRiIgZD0iTTYuNSA5LjQzOWwtMy42NzQgMi4yMy45NC00LjI2LTMuMjEtMi44ODMgNC4yNTQtLjQwNEw2LjUuMTEybDEuNjkgNC4wMSA0LjI1NC40MDQtMy4yMSAyLjg4Mi45NCA0LjI2eiIvPjwvc3ZnPg==""/></div>"
"<a class=""wjcEIp"" href=""/noise-colorfit-icon-2-1-8-display-bluetooth-calling-ai-voice-assistant-smartwatch/p/itm8229e27c1df28?pid=SMWGEH7VV8B3H8Y6&amp;lid=LSTSMWGEH7VV8B3H8Y6H0VDR4&amp;marketplace=FLIPKART&amp;store=ajy&amp;srno=b_1_30&amp;otracker=browse&amp;fm=organic&amp;iid=9477e65d-4113-4ece-8c74-0f7d4480d207.SMWGEH7VV8B3H8Y6.SEARCH&amp;ppt=None&amp;ppn=None&amp;ssid=6xfrkvqa8g0000001753945961232"" rel=""noopener noreferrer"" target=""_blank"" title=""Noise Colorfit Icon 2 1.8'' Display with Bluetooth Calling, AI Voice Assistant Smartwatch"">Noise Colorfit Icon 2 1.8'' Display with Bluetooth Call...</a>","<div class=""Nx9bqj"">₹999</div>","<div class=""XQDdHH"">4.1<img class=""Rza2QY"" src=""data:image/svg+xml;base64,PHN2ZyB4bWxucz0iaHR0cDovL3d3dy53My5vcmcvMjAwMC9zdmciIHdpZHRoPSIxMyIgaGVpZ2h0PSIxMiI+PHBhdGggZmlsbD0iI0ZGRiIgZD0iTTYuNSA5LjQzOWwtMy42NzQgMi4yMy45NC00LjI2LTMuMjEtMi44ODMgNC4yNTQtLjQwNEw2LjUuMTEybDEuNjkgNC4wMSA0LjI1NC40MDQtMy4yMSAyLjg4Mi45NCA0LjI2eiIvPjwvc3ZnPg==""/></div>"
"<a class=""wjcEIp"" href=""/boat-wave-fury-1-83-hd-display-bluetooth-calling-functional-crown-smartwatch/p/itm8a785ea5801dc?pid=SMWGQHN4MWU6ZJGN&amp;lid=LSTSMWGQHN4MWU6ZJGNRJO52S&amp;marketplace=FLIPKART&amp;store=ajy&amp;srno=b_1_31&amp;otracker=browse&amp;fm=organic&amp;iid=en_DgkKauqe0gJLHvjPsqBY75TcowCT1VN1WLqsnUOHHm1_rLUeAgGZcxoJi9AV5c1vrleKIk4kGX6u0OySD8EYIonfEY2D5bWfIUmTlXs_oiU%3D&amp;ppt=None&amp;ppn=None&amp;ssid=6xfrkvqa8g0000001753945961232"" rel=""noopener noreferrer"" target=""_blank"" title=""boAt Wave Fury with 1.83'' HD Display, Bluetooth Calling &amp; Functional Crown Smartwatch"">boAt Wave Fury with 1.83'' HD Display, Bluetooth Callin...</a>","<div class=""Nx9bqj"">₹999</div>","<div class=""XQDdHH"">4.1<img class=""Rza2QY"" src=""data:image/svg+xml;base64,PHN2ZyB4bWxucz0iaHR0cDovL3d3dy53My5vcmcvMjAwMC9zdmciIHdpZHRoPSIxMyIgaGVpZ2h0PSIxMiI+PHBhdGggZmlsbD0iI0ZGRiIgZD0iTTYuNSA5LjQzOWwtMy42NzQgMi4yMy45NC00LjI2LTMuMjEtMi44ODMgNC4yNTQtLjQwNEw2LjUuMTEybDEuNjkgNC4wMSA0LjI1NC40MDQtMy4yMSAyLjg4Mi45NCA0LjI2eiIvPjwvc3ZnPg==""/></div>"
"<a class=""wjcEIp"" href=""/noise-twist-go-1-39-display-bluetooth-calling-metallic-finish-100-sports-modes-smartwatch/p/itmf9fa3027228f8?pid=SMWH889Z3HH5T2EH&amp;lid=LSTSMWH889Z3HH5T2EHKUMZOJ&amp;marketplace=FLIPKART&amp;store=ajy&amp;srno=b_1_32&amp;otracker=browse&amp;fm=organic&amp;iid=en_DgkKauqe0gJLHvjPsqBY75TcowCT1VN1WLqsnUOHHm0o8JvbzNuu2re9C-YpNS0hLwqZuRvef3D0qvJXkwB7JWVkv0XZFiOX7bbXdlao_f8%3D&amp;ppt=None&amp;ppn=None&amp;ssid=6xfrkvqa8g0000001753945961232"" rel=""noopener noreferrer"" target=""_blank"" title=""Noise Twist Go 1.39'' Display, Bluetooth Calling, Metallic Finish, 100 Sports Modes Smartwatch"">Noise Twist Go 1.39'' Display, Bluetooth Calling, Metal...</a>","<div class=""Nx9bqj"">₹1,399</div>","<div class=""XQDdHH"">4.2<img class=""Rza2QY"" src=""data:image/svg+xml;base64,PHN2ZyB4bWxucz0iaHR0cDovL3d3dy53My5vcmcvMjAwMC9zdmciIHdpZHRoPSIxMyIgaGVpZ2h0PSIxMiI+PHBhdGggZmlsbD0iI0ZGRiIgZD0iTTYuNSA5LjQzOWwtMy42NzQgMi4yMy45NC00LjI2LTMuMjEtMi44ODMgNC4yNTQtLjQwNEw2LjUuMTEybDEuNjkgNC4wMSA0LjI1NC40MDQtMy4yMSAyLjg4Mi45NCA0LjI2eiIvPjwvc3ZnPg==""/></div>"
"<a class=""wjcEIp"" href=""/noise-icon-buzz-1-69-display-bluetooth-calling-built-in-games-voice-assistant-smartwatch/p/itmad68e5e6f1cf1?pid=SMWGGKT2ZVSZHGHH&amp;lid=LSTSMWGGKT2ZVSZHGHHJA8TK3&amp;marketplace=FLIPKART&amp;store=ajy&amp;srno=b_1_33&amp;otracker=browse&amp;fm=organic&amp;iid=9477e65d-4113-4ece-8c74-0f7d4480d207.SMWGGKT2ZVSZHGHH.SEARCH&amp;ppt=None&amp;ppn=None&amp;ssid=6xfrkvqa8g0000001753945961232"" rel=""noopener noreferrer"" target=""_blank"" title='Noise Icon Buzz 1.69"" Display with Bluetooth Calling, Built-In Games, Voice Assistant Smartwatch'>Noise Icon Buzz 1.69"" Display with Bluetooth Calling, B...</a>","<div class=""Nx9bqj"">₹1,099</div>","<div class=""XQDdHH"">4.1<img class=""Rza2QY"" src=""data:image/svg+xml;base64,PHN2ZyB4bWxucz0iaHR0cDovL3d3dy53My5vcmcvMjAwMC9zdmciIHdpZHRoPSIxMyIgaGVpZ2h0PSIxMiI+PHBhdGggZmlsbD0iI0ZGRiIgZD0iTTYuNSA5LjQzOWwtMy42NzQgMi4yMy45NC00LjI2LTMuMjEtMi44ODMgNC4yNTQtLjQwNEw2LjUuMTEybDEuNjkgNC4wMSA0LjI1NC40MDQtMy4yMSAyLjg4Mi45NCA0LjI2eiIvPjwvc3ZnPg==""/></div>"
"<a class=""wjcEIp"" href=""/noise-icon-4-stunning-1-96-amoled-display-metallic-finish-bt-calling-smartwatch/p/itm2300420ac9f28?pid=SMWGWZVPGGTDVZRG&amp;lid=LSTSMWGWZVPGGTDVZRGOCH4NS&amp;marketplace=FLIPKART&amp;store=ajy&amp;srno=b_1_34&amp;otracker=browse&amp;fm=organic&amp;iid=9477e65d-4113-4ece-8c74-0f7d4480d207.SMWGWZVPGGTDVZRG.SEARCH&amp;ppt=None&amp;ppn=None&amp;ssid=6xfrkvqa8g0000001753945961232"" rel=""noopener noreferrer"" target=""_blank"" title=""Noise Icon 4 with Stunning 1.96'' AMOLED Display, Metallic Finish, BT Calling Smartwatch"">Noise Icon 4 with Stunning 1.96'' AMOLED Display, Metal...</a>","<div class=""Nx9bqj"">₹1,999</div>","<div class=""XQDdHH"">4.1<img class=""Rza2QY"" src=""data:image/svg+xml;base64,PHN2ZyB4bWxucz0iaHR0cDovL3d3dy53My5vcmcvMjAwMC9zdmciIHdpZHRoPSIxMyIgaGVpZ2h0PSIxMiI+PHBhdGggZmlsbD0iI0ZGRiIgZD0iTTYuNSA5LjQzOWwtMy42NzQgMi4yMy45NC00LjI2LTMuMjEtMi44ODMgNC4yNTQtLjQwNEw2LjUuMTEybDEuNjkgNC4wMSA0LjI1NC40MDQtMy4yMSAyLjg4Mi45NCA0LjI2eiIvPjwvc3ZnPg==""/></div>"
"<a class=""wjcEIp"" href=""/noise-icon-2-2025-1-81-display-500-nits-brightnessbt-calling-smartwatch/p/itm19231bf80a61d?pid=SMWH7NZFERHW3K3Y&amp;lid=LSTSMWH7NZFERHW3K3YC55LHZ&amp;marketplace=FLIPKART&amp;store=ajy&amp;srno=b_1_35&amp;otracker=browse&amp;fm=organic&amp;iid=en_DgkKauqe0gJLHvjPsqBY75TcowCT1VN1WLqsnUOHHm1b9rAyP3F6Y1_aMn4ZOtopxEqSUx9xxZSWbeRJIAHaT_cUmN_6PwCReg_VTM4VLxo%3D&amp;ppt=None&amp;ppn=None&amp;ssid=6xfrkvqa8g0000001753945961232"" rel=""noopener noreferrer"" target=""_blank"" title='Noise Icon 2 2025 - 1.81"" Display, 500 NITS BrightnessBT Calling Smartwatch'>Noise Icon 2 2025 - 1.81"" Display, 500 NITS BrightnessB...</a>","<div class=""Nx9bqj"">₹999</div>","<div class=""XQDdHH"">4.1<img class=""Rza2QY"" src=""data:image/svg+xml;base64,PHN2ZyB4bWxucz0iaHR0cDovL3d3dy53My5vcmcvMjAwMC9zdmciIHdpZHRoPSIxMyIgaGVpZ2h0PSIxMiI+PHBhdGggZmlsbD0iI0ZGRiIgZD0iTTYuNSA5LjQzOWwtMy42NzQgMi4yMy45NC00LjI2LTMuMjEtMi44ODMgNC4yNTQtLjQwNEw2LjUuMTEybDEuNjkgNC4wMSA0LjI1NC40MDQtMy4yMSAyLjg4Mi45NCA0LjI2eiIvPjwvc3ZnPg==""/></div>"
"<a class=""wjcEIp"" href=""/noise-evolve-3-1-43-amoled-always-on-display-bluetooth-calling-metallic-design-smartwatch/p/itme526994872f34?pid=SMWGGP58M2H75R6H&amp;lid=LSTSMWGGP58M2H75R6HIOEKIV&amp;marketplace=FLIPKART&amp;store=ajy&amp;srno=b_1_36&amp;otracker=browse&amp;fm=organic&amp;iid=9477e65d-4113-4ece-8c74-0f7d4480d207.SMWGGP58M2H75R6H.SEARCH&amp;ppt=None&amp;ppn=None&amp;ssid=6xfrkvqa8g0000001753945961232"" rel=""noopener noreferrer"" target=""_blank"" title='Noise Evolve 3 1.43"" AMOLED Always-On Display with Bluetooth Calling, Metallic Design Smartwatch'>Noise Evolve 3 1.43"" AMOLED Always-On Display with Blue...</a>","<div class=""Nx9bqj"">₹1,899</div>","<div class=""XQDdHH"">4.2<img class=""Rza2QY"" src=""data:image/svg+xml;base64,PHN2ZyB4bWxucz0iaHR0cDovL3d3dy53My5vcmcvMjAwMC9zdmciIHdpZHRoPSIxMyIgaGVpZ2h0PSIxMiI+PHBhdGggZmlsbD0iI0ZGRiIgZD0iTTYuNSA5LjQzOWwtMy42NzQgMi4yMy45NC00LjI2LTMuMjEtMi44ODMgNC4yNTQtLjQwNEw2LjUuMTEybDEuNjkgNC4wMSA0LjI1NC40MDQtMy4yMSAyLjg4Mi45NCA0LjI2eiIvPjwvc3ZnPg==""/></div>"
"<a class=""wjcEIp"" href=""/boat-lunar-discovery-w-turn-navigation-3-53-cm-hd-display-bt-calling-smartwatch/p/itmb423141513057?pid=SMWH44GEVPHZG6PW&amp;lid=LSTSMWH44GEVPHZG6PWIIMRVB&amp;marketplace=FLIPKART&amp;store=ajy&amp;srno=b_1_37&amp;otracker=browse&amp;fm=organic&amp;iid=en_DgkKauqe0gJLHvjPsqBY75TcowCT1VN1WLqsnUOHHm17JD-JYzN0j5QDUkpYJ3cgpkCb-WQJJ4vTO-IBDm8GSOI7uWi7bi3WLqk6JF-UYDE%3D&amp;ppt=None&amp;ppn=None&amp;ssid=6xfrkvqa8g0000001753945961232"" rel=""noopener noreferrer"" target=""_blank"" title=""boAt Lunar Discovery w/ Turn by Turn Navigation, 3.53 cm HD Display &amp; BT Calling Smartwatch"">boAt Lunar Discovery w/ Turn by Turn Navigation, 3.53 c...</a>","<div class=""Nx9bqj"">₹1,499</div>","<div class=""XQDdHH"">4<img class=""Rza2QY"" src=""data:image/svg+xml;base64,PHN2ZyB4bWxucz0iaHR0cDovL3d3dy53My5vcmcvMjAwMC9zdmciIHdpZHRoPSIxMyIgaGVpZ2h0PSIxMiI+PHBhdGggZmlsbD0iI0ZGRiIgZD0iTTYuNSA5LjQzOWwtMy42NzQgMi4yMy45NC00LjI2LTMuMjEtMi44ODMgNC4yNTQtLjQwNEw2LjUuMTEybDEuNjkgNC4wMSA0LjI1NC40MDQtMy4yMSAyLjg4Mi45NCA0LjI2eiIvPjwvc3ZnPg==""/></div>"
"<a class=""wjcEIp"" href=""/boat-storm-call-3-w-tbt-navigation-watch-face-studio-1-83-4-6-cm-hd-display-qr-tray-smartwatch/p/itm586335e08aa88?pid=SMWGXWZDAAFJXCXB&amp;lid=LSTSMWGXWZDAAFJXCXBJAG2M1&amp;marketplace=FLIPKART&amp;store=ajy&amp;srno=b_1_38&amp;otracker=browse&amp;fm=organic&amp;iid=en_DgkKauqe0gJLHvjPsqBY75TcowCT1VN1WLqsnUOHHm3RFCpoMWfZqwmmDo7YEOrCr1NoORvOlUKARjsnZlj4A4E8waCTrWcncKeK_ydPfoM%3D&amp;ppt=None&amp;ppn=None&amp;ssid=6xfrkvqa8g0000001753945961232"" rel=""noopener noreferrer"" target=""_blank"" title=""boAt Storm call 3 w/TBT Navigation,Watch Face Studio,1.83''(4.6 cm)HD Display,QR Tray Smartwatch"">boAt Storm call 3 w/TBT Navigation,Watch Face Studio,1....</a>","<div class=""Nx9bqj"">₹999</div>","<div class=""XQDdHH"">4.1<img class=""Rza2QY"" src=""data:image/svg+xml;base64,PHN2ZyB4bWxucz0iaHR0cDovL3d3dy53My5vcmcvMjAwMC9zdmciIHdpZHRoPSIxMyIgaGVpZ2h0PSIxMiI+PHBhdGggZmlsbD0iI0ZGRiIgZD0iTTYuNSA5LjQzOWwtMy42NzQgMi4yMy45NC00LjI2LTMuMjEtMi44ODMgNC4yNTQtLjQwNEw2LjUuMTEybDEuNjkgNC4wMSA0LjI1NC40MDQtMy4yMSAyLjg4Mi45NCA0LjI2eiIvPjwvc3ZnPg==""/></div>"
"<a class=""wjcEIp"" href=""/noise-icon-buzz-1-69-display-bluetooth-calling-built-in-games-voice-assistant-smartwatch/p/itm52b29cbcb7afe?pid=SMWGAU62CGWPUTJY&amp;lid=LSTSMWGAU62CGWPUTJYCE4I8B&amp;marketplace=FLIPKART&amp;store=ajy&amp;srno=b_1_39&amp;otracker=browse&amp;fm=organic&amp;iid=9477e65d-4113-4ece-8c74-0f7d4480d207.SMWGAU62CGWPUTJY.SEARCH&amp;ppt=None&amp;ppn=None&amp;ssid=6xfrkvqa8g0000001753945961232"" rel=""noopener noreferrer"" target=""_blank"" title='Noise Icon Buzz 1.69"" Display with Bluetooth Calling, Built-In Games, Voice Assistant Smartwatch'>Noise Icon Buzz 1.69"" Display with Bluetooth Calling, B...</a>","<div class=""Nx9bqj"">₹1,099</div>","<div class=""XQDdHH"">4.1<img class=""Rza2QY"" src=""data:image/svg+xml;base64,PHN2ZyB4bWxucz0iaHR0cDovL3d3dy53My5vcmcvMjAwMC9zdmciIHdpZHRoPSIxMyIgaGVpZ2h0PSIxMiI+PHBhdGggZmlsbD0iI0ZGRiIgZD0iTTYuNSA5LjQzOWwtMy42NzQgMi4yMy45NC00LjI2LTMuMjEtMi44ODMgNC4yNTQtLjQwNEw2LjUuMTEybDEuNjkgNC4wMSA0LjI1NC40MDQtMy4yMSAyLjg4Mi45NCA0LjI2eiIvPjwvc3ZnPg==""/></div>"
"<a class=""wjcEIp"" href=""/noise-mettle-1-4-display-stainless-steel-finish-metal-strap-bluetooth-calling-smartwatch/p/itm3f95e24755967?pid=SMWGZMH7D5FQFQVV&amp;lid=LSTSMWGZMH7D5FQFQVVE4VI6Z&amp;marketplace=FLIPKART&amp;store=ajy&amp;srno=b_1_40&amp;otracker=browse&amp;fm=organic&amp;iid=9477e65d-4113-4ece-8c74-0f7d4480d207.SMWGZMH7D5FQFQVV.SEARCH&amp;ppt=None&amp;ppn=None&amp;ssid=6xfrkvqa8g0000001753945961232"" rel=""noopener noreferrer"" target=""_blank"" title=""Noise Mettle 1.4'' display, Stainless Steel finish with Metal Strap, Bluetooth Calling Smartwatch"">Noise Mettle 1.4'' display, Stainless Steel finish with...</a>","<div class=""Nx9bqj"">₹1,899</div>","<div class=""XQDdHH"">4.1<img class=""Rza2QY"" src=""data:image/svg+xml;base64,PHN2ZyB4bWxucz0iaHR0cDovL3d3dy53My5vcmcvMjAwMC9zdmciIHdpZHRoPSIxMyIgaGVpZ2h0PSIxMiI+PHBhdGggZmlsbD0iI0ZGRiIgZD0iTTYuNSA5LjQzOWwtMy42NzQgMi4yMy45NC00LjI2LTMuMjEtMi44ODMgNC4yNTQtLjQwNEw2LjUuMTEybDEuNjkgNC4wMSA0LjI1NC40MDQtMy4yMSAyLjg4Mi45NCA0LjI2eiIvPjwvc3ZnPg==""/></div>"
